rowname,draw,ddraw,itt_noctrl,itt_noctrl_p,itt_noctrl_N,itt_ctrl,itt_ctrl_p,itt_ctrl_N,itt_wctrl,itt_wctrl_p,itt_wctrl_N
health_private_surv10,0,      0.0000,     31.7527,      0.7347,     54.0000,     74.5310,      0.4585,     48.0000,     74.5310,      0.4585,     48.0000
health_private_surv11,0,      0.0000,     63.7203,      0.4674,     54.0000,    113.1074,      0.2243,     48.0000,    113.1074,      0.2243,     48.0000
health_private_surv12,0,      0.0000,   -651.7308,      0.3571,     54.0000,   -278.5011,      0.7505,     48.0000,   -278.5011,      0.7505,     48.0000
health_private_surv13,0,      0.0000,   -108.1556,      0.3863,     54.0000,    -18.0344,      0.8917,     48.0000,    -18.0344,      0.8917,     48.0000
health_private_surv14,0,      0.0000,   -272.5663,      0.8409,     54.0000,   -803.5840,      0.5988,     48.0000,   -803.5840,      0.5988,     48.0000
health_private_surv15,0,      0.0000,    470.7069,      0.1605,     54.0000,    347.9230,      0.4011,     48.0000,    347.9230,      0.4011,     48.0000
health_private_surv16,0,      0.0000,   1618.0511,      0.3302,     54.0000,   -368.9745,      0.4010,     48.0000,   -368.9745,      0.4010,     48.0000
health_private_surv17,0,      0.0000,   1068.5129,      0.3370,     54.0000,   -436.2236,      0.3201,     48.0000,   -436.2236,      0.3201,     48.0000
health_private_surv18,0,      0.0000,    947.7599,      0.4437,     54.0000,   -769.1356,      0.1639,     48.0000,   -769.1356,      0.1639,     48.0000
health_private_surv19,0,      0.0000,   1382.7046,      0.3774,     54.0000,   -473.1384,      0.2448,     48.0000,   -473.1384,      0.2448,     48.0000
health_private_surv20,0,      0.0000,   1223.8704,      0.2201,     54.0000,    -62.5798,      0.9226,     48.0000,    -62.5798,      0.9226,     48.0000
health_private_surv21,0,      0.0000,      9.7928,      0.9604,     54.0000,    232.5800,      0.2935,     48.0000,    232.5800,      0.2935,     48.0000
health_private_surv22,0,      0.0000,     31.9118,      0.8306,     54.0000,    159.9748,      0.3228,     48.0000,    159.9748,      0.3228,     48.0000
health_private_surv23,0,      0.0000,     20.2895,      0.8882,     54.0000,    152.9054,      0.3448,     48.0000,    152.9054,      0.3448,     48.0000
health_private_surv24,0,      0.0000,    -97.6439,      0.4539,     54.0000,     67.5138,      0.6198,     48.0000,     67.5138,      0.6198,     48.0000
health_private_surv25,0,      0.0000,   -150.1535,      0.2182,     54.0000,     21.7290,      0.8532,     48.0000,     21.7290,      0.8532,     48.0000
health_private_surv26,0,      0.0000,   -192.2754,      0.1098,     54.0000,    -55.0729,      0.6488,     48.0000,    -55.0729,      0.6488,     48.0000
health_private_surv27,0,      0.0000,   -230.7927,      0.0435,     54.0000,    -80.8270,      0.4369,     48.0000,    -80.8270,      0.4369,     48.0000
health_private_surv28,0,      0.0000,   -185.2001,      0.1230,     54.0000,   -122.6123,      0.2916,     48.0000,   -122.6123,      0.2916,     48.0000
health_private_surv29,0,      0.0000,   -107.6822,      0.3858,     54.0000,     14.7851,      0.8951,     48.0000,     14.7851,      0.8951,     48.0000
health_private_surv30,0,      0.0000,   1757.5877,      0.1810,     15.0000,   2174.8648,      0.4601,     12.0000,   2174.8648,      0.4601,     12.0000
health_private_surv31,0,      0.0000,   1081.5538,      0.2197,     24.0000,   1612.9525,      0.1969,     20.0000,   1502.0951,      0.2472,     20.0000
health_private_surv32,0,      0.0000,   1745.9742,      0.0506,     29.0000,   2021.7878,      0.0490,     25.0000,   1792.7476,      0.0945,     25.0000
health_private_surv33,0,      0.0000,   1798.4179,      0.0409,     29.0000,   2137.5230,      0.0370,     25.0000,   1949.3510,      0.0664,     25.0000
health_private_surv34,0,      0.0000,   1863.6535,      0.0266,     29.0000,   2227.5906,      0.0279,     25.0000,   2091.1404,      0.0485,     25.0000
health_private_surv35,0,      0.0000,   1847.2122,      0.0270,     29.0000,   2168.4670,      0.0320,     25.0000,   2042.5397,      0.0567,     25.0000
health_private_surv36,0,      0.0000,   1836.8998,      0.0306,     29.0000,   2099.0195,      0.0413,     25.0000,   1951.8768,      0.0741,     25.0000
health_private_surv37,0,      0.0000,   1886.2931,      0.0255,     29.0000,   2161.1727,      0.0352,     25.0000,   1968.5200,      0.0707,     25.0000
health_private_surv38,0,      0.0000,   1815.5707,      0.0285,     29.0000,   2049.1713,      0.0403,     25.0000,   1902.9571,      0.0753,     25.0000
health_private_surv39,0,      0.0000,   1829.7095,      0.0198,     30.0000,   1984.7922,      0.0340,     26.0000,   1956.9628,      0.0501,     26.0000
health_private_surv40,0,      0.0000,   1917.6820,      0.0176,     30.0000,   2155.3383,      0.0255,     26.0000,   2152.1600,      0.0352,     26.0000
health_private_surv41,0,      0.0000,   1965.0477,      0.0135,     31.0000,   2267.5159,      0.0192,     27.0000,   2088.4060,      0.0379,     27.0000
health_private_surv42,0,      0.0000,   1912.7210,      0.0187,     31.0000,   2218.5753,      0.0244,     27.0000,   1922.4922,      0.0597,     27.0000
health_private_surv43,0,      0.0000,   1976.6233,      0.0158,     31.0000,   2280.1885,      0.0217,     27.0000,   2007.9192,      0.0515,     27.0000
health_private_surv44,0,      0.0000,   2044.7021,      0.0154,     31.0000,   2330.0620,      0.0237,     27.0000,   2071.9510,      0.0496,     27.0000
health_private_surv45,0,      0.0000,   2129.1513,      0.0186,     31.0000,   2461.8248,      0.0256,     27.0000,   2202.0728,      0.0508,     27.0000
health_private_surv46,0,      0.0000,   2106.1311,      0.0293,     31.0000,   2454.7931,      0.0333,     27.0000,   2160.9622,      0.0713,     27.0000
health_private_surv47,0,      0.0000,   2217.2193,      0.0271,     31.0000,   2479.1544,      0.0261,     27.0000,   2160.6635,      0.0631,     27.0000
health_private_surv48,0,      0.0000,   2402.9758,      0.0210,     31.0000,   2448.2949,      0.0254,     27.0000,   2278.7846,      0.0457,     27.0000
health_private_surv49,0,      0.0000,   2362.7117,      0.0253,     31.0000,   2342.1749,      0.0509,     27.0000,   2132.6303,      0.0862,     27.0000
health_private_surv50,0,      0.0000,   2201.5477,      0.0463,     31.0000,   2259.2208,      0.0826,     27.0000,   1771.2629,      0.1878,     27.0000
health_private_surv51,0,      0.0000,   2426.5861,      0.0394,     31.0000,   2541.3435,      0.0511,     27.0000,   2084.9216,      0.1257,     27.0000
health_private_surv52,0,      0.0000,   2739.9625,      0.0276,     31.0000,   2882.4105,      0.0274,     27.0000,   2739.8212,      0.0485,     27.0000
health_private_surv53,0,      0.0000,   2586.5512,      0.0403,     31.0000,   2636.6324,      0.0486,     27.0000,   2601.7169,      0.0649,     27.0000
health_private_surv54,0,      0.0000,   2534.7258,      0.0508,     31.0000,   2519.2170,      0.0694,     27.0000,   2378.3663,      0.0978,     27.0000
health_private_surv55,0,      0.0000,   2976.2387,      0.0310,     31.0000,   2859.2168,      0.0434,     27.0000,   2743.4592,      0.0564,     27.0000
health_private_surv56,0,      0.0000,   3204.2830,      0.0303,     31.0000,   2913.9583,      0.0442,     27.0000,   2967.4689,      0.0472,     27.0000
health_private_surv57,0,      0.0000,   2912.0640,      0.0725,     31.0000,   2586.7507,      0.1142,     27.0000,   2633.6088,      0.1259,     27.0000
health_private_surv58,0,      0.0000,   2730.2183,      0.1140,     31.0000,   2413.8220,      0.1845,     27.0000,   2298.5868,      0.2335,     27.0000
health_private_surv59,0,      0.0000,   3195.1975,      0.0757,     31.0000,   2731.9691,      0.1330,     27.0000,   2895.0319,      0.1348,     27.0000
health_private_surv60,0,      0.0000,   3787.2613,      0.0482,     31.0000,   3449.7762,      0.0687,     27.0000,   3838.4756,      0.0580,     27.0000
health_private_surv61,0,      0.0000,   4220.2532,      0.0333,     31.0000,   4375.9931,      0.0230,     27.0000,   4716.5913,      0.0214,     27.0000
health_private_surv62,0,      0.0000,   4599.5367,      0.0295,     31.0000,   5000.5272,      0.0151,     27.0000,   5453.0173,      0.0129,     27.0000
health_private_surv63,0,      0.0000,   4059.7860,      0.0540,     31.0000,   4361.0065,      0.0344,     27.0000,   4681.5962,      0.0311,     27.0000
health_private_surv64,0,      0.0000,   3657.2216,      0.0888,     31.0000,   3802.0034,      0.0815,     27.0000,   3787.2850,      0.0923,     27.0000
health_private_surv65,0,      0.0000,   3996.0067,      0.0608,     31.0000,   3959.9771,      0.0505,     27.0000,   3565.9649,      0.0801,     27.0000
health_private_surv66,0,      0.0000,   4107.5667,      0.0408,     31.0000,   3960.9471,      0.0216,     27.0000,   3489.4384,      0.0416,     27.0000
health_private_surv67,0,      0.0000,   3960.7841,      0.0382,     31.0000,   3791.8942,      0.0157,     27.0000,   3431.2802,      0.0284,     27.0000
health_private_surv68,0,      0.0000,   3897.3832,      0.0441,     31.0000,   3660.0416,      0.0198,     27.0000,   3405.4263,      0.0296,     27.0000
health_private_surv69,0,      0.0000,   4151.8500,      0.0366,     31.0000,   3671.0337,      0.0262,     27.0000,   3624.3168,      0.0280,     27.0000
health_private_surv70,0,      0.0000,   4633.0335,      0.0239,     31.0000,   4239.9090,      0.0201,     27.0000,   3933.6395,      0.0292,     27.0000
health_private_surv71,0,      0.0000,   4582.4068,      0.0263,     31.0000,   4525.8733,      0.0166,     27.0000,   3853.3374,      0.0308,     27.0000
health_private_surv72,0,      0.0000,   3599.4776,      0.0821,     31.0000,   3298.5554,      0.0629,     27.0000,   2967.5744,      0.0835,     27.0000
health_private_surv73,0,      0.0000,   3218.6920,      0.1351,     31.0000,   2653.3071,      0.1214,     27.0000,   2523.7226,      0.1186,     27.0000
health_private_surv74,0,      0.0000,   4426.2057,      0.0398,     31.0000,   4381.4413,      0.0106,     27.0000,   3648.7560,      0.0222,     27.0000
health_private_surv75,0,      0.0000,   6223.8014,      0.0106,     31.0000,   6634.4876,      0.0014,     27.0000,   5595.7713,      0.0043,     27.0000
health_private_surv76,0,      0.0000,   7024.9007,      0.0094,     31.0000,   6740.1141,      0.0023,     27.0000,   5889.9572,      0.0074,     27.0000
health_private_surv77,0,      0.0000,   7162.9992,      0.0105,     31.0000,   6032.7954,      0.0039,     27.0000,   5035.2516,      0.0166,     27.0000
health_private_surv78,0,      0.0000,   7153.4335,      0.0174,     31.0000,   6465.8393,      0.0074,     27.0000,   5249.2105,      0.0274,     27.0000
health_private_surv79,0,      0.0000,   6806.1593,      0.0373,     31.0000,   7560.2376,      0.0070,     27.0000,   6109.2988,      0.0227,     27.0000
health_private_surv8,0,      0.0000,  -1920.2374,      0.2835,     54.0000,  -3017.7539,      0.1787,     48.0000,  -3017.7539,      0.1787,     48.0000
health_private_surv9,0,      0.0000,     92.9234,      0.2544,     54.0000,     66.4425,      0.3785,     48.0000,     66.4425,      0.3785,     48.0000
health_private_surv10,0,      1.0000,     28.3134,      0.7611,     53.0000,    201.7968,      0.0662,     49.0000,    201.7968,      0.0662,     49.0000
health_private_surv11,0,      1.0000,    -39.1206,      0.7104,     53.0000,    147.5409,      0.2386,     49.0000,    147.5409,      0.2386,     49.0000
health_private_surv12,0,      1.0000,  -1022.3616,      0.2992,     49.0000,  -1189.7183,      0.3559,     45.0000,  -1189.7183,      0.3559,     45.0000
health_private_surv13,0,      1.0000,   -151.5506,      0.3457,     49.0000,     84.6253,      0.6263,     45.0000,     84.6253,      0.6263,     45.0000
health_private_surv14,0,      1.0000,  -1548.4300,      0.4531,     49.0000,  -4672.8097,      0.0513,     45.0000,  -4672.8097,      0.0513,     45.0000
health_private_surv15,0,      1.0000,   -871.2047,      0.0959,     53.0000,   -853.0601,      0.2034,     49.0000,   -853.0601,      0.2034,     49.0000
health_private_surv16,0,      1.0000,   -141.1134,      0.7668,     53.0000,    120.0603,      0.8151,     49.0000,    120.0603,      0.8151,     49.0000
health_private_surv17,0,      1.0000,   -343.5237,      0.4202,     53.0000,    -24.9586,      0.9580,     49.0000,    -24.9586,      0.9580,     49.0000
health_private_surv18,0,      1.0000,   -292.2552,      0.4640,     53.0000,   -413.8148,      0.3551,     49.0000,   -413.8148,      0.3551,     49.0000
health_private_surv19,0,      1.0000,   -154.2593,      0.6876,     53.0000,      1.7661,      0.9966,     49.0000,      1.7661,      0.9966,     49.0000
health_private_surv20,0,      1.0000,    416.8743,      0.5794,     53.0000,    737.0445,      0.3725,     49.0000,    737.0445,      0.3725,     49.0000
health_private_surv21,0,      1.0000,   -115.6504,      0.3003,     53.0000,    -61.6055,      0.5575,     49.0000,    -61.6055,      0.5575,     49.0000
health_private_surv22,0,      1.0000,   -218.6210,      0.0367,     53.0000,    -95.0048,      0.3984,     49.0000,    -95.0048,      0.3984,     49.0000
health_private_surv23,0,      1.0000,    -81.3123,      0.3952,     53.0000,     71.3909,      0.4558,     49.0000,     71.3909,      0.4558,     49.0000
health_private_surv24,0,      1.0000,   -206.2970,      0.0240,     53.0000,   -119.1677,      0.1771,     49.0000,   -119.1677,      0.1771,     49.0000
health_private_surv25,0,      1.0000,   -256.7569,      0.0087,     53.0000,   -182.3382,      0.0450,     49.0000,   -182.3382,      0.0450,     49.0000
health_private_surv26,0,      1.0000,   -248.9077,      0.0067,     53.0000,   -139.0772,      0.1622,     49.0000,   -139.0772,      0.1622,     49.0000
health_private_surv27,0,      1.0000,   -211.8957,      0.0307,     53.0000,   -110.1806,      0.2359,     49.0000,   -110.1806,      0.2359,     49.0000
health_private_surv28,0,      1.0000,   -207.4105,      0.0324,     53.0000,   -127.5415,      0.2197,     49.0000,   -127.5415,      0.2197,     49.0000
health_private_surv29,0,      1.0000,   -108.9768,      0.3025,     53.0000,     55.6898,      0.5786,     49.0000,     55.6898,      0.5786,     49.0000
health_private_surv30,0,      1.0000,   4500.3937,      0.0006,     19.0000,   6440.8000,,     17.0000,   6440.8000,,     17.0000
health_private_surv31,0,      1.0000,   3400.6137,      0.0024,     29.0000,   5314.7312,      0.0000,     25.0000,   5216.3179,      0.0000,     25.0000
health_private_surv32,0,      1.0000,   3319.3718,      0.0026,     34.0000,   4078.5402,      0.0010,     30.0000,   4202.3186,      0.0008,     30.0000
health_private_surv33,0,      1.0000,   2502.9061,      0.0120,     34.0000,   2982.4795,      0.0083,     30.0000,   3151.5562,      0.0063,     30.0000
health_private_surv34,0,      1.0000,   1862.5635,      0.0307,     34.0000,   2003.7161,      0.0498,     30.0000,   2206.3705,      0.0351,     30.0000
health_private_surv35,0,      1.0000,   2418.3452,      0.0044,     34.0000,   2595.5568,      0.0100,     30.0000,   2764.1229,      0.0072,     30.0000
health_private_surv36,0,      1.0000,   2752.1245,      0.0016,     34.0000,   3008.6627,      0.0032,     30.0000,   3142.3541,      0.0024,     30.0000
health_private_surv37,0,      1.0000,   2716.3179,      0.0017,     34.0000,   2956.8730,      0.0034,     30.0000,   3088.8784,      0.0025,     30.0000
health_private_surv38,0,      1.0000,   2619.5273,      0.0034,     34.0000,   2852.3181,      0.0061,     30.0000,   2990.6496,      0.0045,     30.0000
health_private_surv39,0,      1.0000,   2418.2470,      0.0057,     35.0000,   2633.8340,      0.0084,     31.0000,   2833.9921,      0.0057,     31.0000
health_private_surv40,0,      1.0000,   2466.1740,      0.0058,     35.0000,   2767.9698,      0.0074,     31.0000,   2965.9796,      0.0051,     31.0000
health_private_surv41,0,      1.0000,   2106.8663,      0.0115,     36.0000,   2324.1909,      0.0183,     32.0000,   2531.8502,      0.0132,     32.0000
health_private_surv42,0,      1.0000,   1757.5252,      0.0281,     36.0000,   1779.1459,      0.0573,     32.0000,   1963.7821,      0.0425,     32.0000
health_private_surv43,0,      1.0000,   2099.3071,      0.0111,     36.0000,   2178.4096,      0.0176,     32.0000,   2365.8376,      0.0126,     32.0000
health_private_surv44,0,      1.0000,   2446.6094,      0.0056,     36.0000,   2591.2660,      0.0070,     32.0000,   2837.1555,      0.0042,     32.0000
health_private_surv45,0,      1.0000,   2401.6790,      0.0089,     36.0000,   2343.8652,      0.0220,     32.0000,   2609.8540,      0.0140,     32.0000
health_private_surv46,0,      1.0000,   2559.8841,      0.0028,     36.0000,   2364.2905,      0.0149,     32.0000,   2530.0866,      0.0116,     32.0000
health_private_surv47,0,      1.0000,   2705.4269,      0.0005,     36.0000,   2448.4358,      0.0048,     32.0000,   2537.8337,      0.0042,     32.0000
health_private_surv48,0,      1.0000,   2497.9559,      0.0025,     36.0000,   2098.2784,      0.0197,     32.0000,   2231.6329,      0.0154,     32.0000
health_private_surv49,0,      1.0000,   2592.0499,      0.0073,     36.0000,   2132.6155,      0.0336,     32.0000,   2328.5053,      0.0240,     32.0000
health_private_surv50,0,      1.0000,   3046.8948,      0.0029,     36.0000,   2677.5209,      0.0117,     32.0000,   2865.8850,      0.0086,     32.0000
health_private_surv51,0,      1.0000,   3358.6895,      0.0015,     36.0000,   3000.7577,      0.0094,     32.0000,   3188.5376,      0.0071,     32.0000
health_private_surv52,0,      1.0000,   3212.8043,      0.0039,     36.0000,   2730.9697,      0.0206,     32.0000,   2943.8122,      0.0146,     32.0000
health_private_surv53,0,      1.0000,   3050.4298,      0.0063,     36.0000,   2526.6457,      0.0283,     32.0000,   2707.0699,      0.0206,     32.0000
health_private_surv54,0,      1.0000,   3457.5910,      0.0041,     36.0000,   2912.2998,      0.0246,     32.0000,   3056.7057,      0.0205,     32.0000
health_private_surv55,0,      1.0000,   4044.0721,      0.0033,     36.0000,   3465.2167,      0.0209,     32.0000,   3645.5534,      0.0174,     32.0000
health_private_surv56,0,      1.0000,   4224.3495,      0.0032,     36.0000,   3621.7095,      0.0190,     32.0000,   3840.3757,      0.0147,     32.0000
health_private_surv57,0,      1.0000,   4043.1114,      0.0034,     36.0000,   3292.0652,      0.0208,     32.0000,   3469.7182,      0.0164,     32.0000
health_private_surv58,0,      1.0000,   4256.4647,      0.0022,     36.0000,   3311.4823,      0.0178,     32.0000,   3443.8870,      0.0151,     32.0000
health_private_surv59,0,      1.0000,   5431.4054,      0.0000,     36.0000,   4744.0690,      0.0002,     32.0000,   4894.2014,      0.0001,     32.0000
health_private_surv60,0,      1.0000,   6485.7015,      0.0000,     36.0000,   6295.5786,      0.0000,     32.0000,   6493.6633,      0.0000,     32.0000
health_private_surv61,0,      1.0000,   6356.4801,      0.0000,     36.0000,   6430.8548,      0.0002,     32.0000,   6667.7735,      0.0001,     32.0000
health_private_surv62,0,      1.0000,   5939.1327,      0.0013,     36.0000,   6142.6433,      0.0027,     32.0000,   6367.6633,      0.0019,     32.0000
health_private_surv63,0,      1.0000,   6578.7366,      0.0004,     36.0000,   6997.9660,      0.0005,     32.0000,   7291.9635,      0.0003,     32.0000
health_private_surv64,0,      1.0000,   7300.2356,      0.0002,     36.0000,   7911.5232,      0.0002,     32.0000,   8377.2036,      0.0001,     32.0000
health_private_surv65,0,      1.0000,   5964.9855,      0.0008,     36.0000,   5692.2226,      0.0030,     32.0000,   6069.6447,      0.0023,     32.0000
health_private_surv66,0,      1.0000,   4453.0032,      0.0025,     36.0000,   3300.4055,      0.0225,     32.0000,   3416.1189,      0.0219,     32.0000
health_private_surv67,0,      1.0000,   4199.2080,      0.0014,     36.0000,   3104.0510,      0.0085,     32.0000,   3102.6810,      0.0086,     32.0000
health_private_surv68,0,      1.0000,   3919.9977,      0.0039,     36.0000,   2852.0428,      0.0190,     32.0000,   2797.5098,      0.0201,     32.0000
health_private_surv69,0,      1.0000,   3291.6758,      0.0101,     36.0000,   2125.7536,      0.0412,     32.0000,   2107.4374,      0.0405,     32.0000
health_private_surv70,0,      1.0000,   3063.1043,      0.0140,     36.0000,   1763.8312,      0.0740,     32.0000,   1838.1586,      0.0608,     32.0000
health_private_surv71,0,      1.0000,   3387.0464,      0.0075,     36.0000,   2009.3064,      0.0672,     32.0000,   1983.9684,      0.0686,     32.0000
health_private_surv72,0,      1.0000,   3562.4506,      0.0093,     36.0000,   2253.0523,      0.0878,     32.0000,   2101.1444,      0.1049,     32.0000
health_private_surv73,0,      1.0000,   3492.6719,      0.0103,     36.0000,   1982.8597,      0.0560,     32.0000,   1925.3978,      0.0599,     32.0000
health_private_surv74,0,      1.0000,   3611.2138,      0.0185,     36.0000,   1794.0111,      0.0663,     32.0000,   1805.1577,      0.0640,     32.0000
health_private_surv75,0,      1.0000,   4977.2825,      0.0090,     36.0000,   3530.5220,      0.0274,     32.0000,   3568.3995,      0.0277,     32.0000
health_private_surv76,0,      1.0000,   6284.8509,      0.0050,     36.0000,   5280.4056,      0.0098,     32.0000,   5345.5116,      0.0098,     32.0000
health_private_surv77,0,      1.0000,   6063.3122,      0.0022,     36.0000,   5100.9413,      0.0072,     32.0000,   4988.2795,      0.0083,     32.0000
health_private_surv78,0,      1.0000,   5744.0015,      0.0034,     36.0000,   4461.1291,      0.0224,     32.0000,   4266.8209,      0.0267,     32.0000
health_private_surv79,0,      1.0000,   6071.6050,      0.0012,     36.0000,   4596.7346,      0.0071,     32.0000,   4501.7807,      0.0069,     32.0000
health_private_surv8,0,      1.0000,   -181.8547,      0.0639,     53.0000,   -155.6836,      0.2030,     49.0000,   -155.6836,      0.2030,     49.0000
health_private_surv9,0,      1.0000,    -13.2190,      0.8673,     53.0000,      6.6346,      0.9437,     49.0000,      6.6346,      0.9437,     49.0000
health_private_surv10,0,      2.0000,     32.6886,      0.5238,     53.0000,     25.7481,      0.6514,     49.0000,     25.7481,      0.6514,     49.0000
health_private_surv11,0,      2.0000,     36.2726,      0.5471,     53.0000,      9.9283,      0.8855,     49.0000,      9.9283,      0.8855,     49.0000
health_private_surv12,0,      2.0000,   -870.9620,      0.3583,     53.0000,  -1022.2838,      0.4006,     49.0000,  -1022.2838,      0.4006,     49.0000
health_private_surv13,0,      2.0000,   -233.7909,      0.1470,     53.0000,   -191.2785,      0.1868,     49.0000,   -191.2785,      0.1868,     49.0000
health_private_surv14,0,      2.0000,   -248.9452,      0.8505,     53.0000,   -667.1073,      0.6926,     49.0000,   -667.1073,      0.6926,     49.0000
health_private_surv15,0,      2.0000,  -2863.5931,      0.0101,     53.0000,  -2033.5427,      0.1008,     49.0000,  -2033.5427,      0.1008,     49.0000
health_private_surv16,0,      2.0000,   -545.4163,      0.1195,     53.0000,  -1281.2687,      0.0016,     49.0000,  -1281.2687,      0.0016,     49.0000
health_private_surv17,0,      2.0000,   -754.0634,      0.0380,     53.0000,  -1461.8520,      0.0006,     49.0000,  -1461.8520,      0.0006,     49.0000
health_private_surv18,0,      2.0000,  -1009.7660,      0.0181,     53.0000,  -2003.1591,      0.0002,     49.0000,  -2003.1591,      0.0002,     49.0000
health_private_surv19,0,      2.0000,   -573.6183,      0.1306,     53.0000,  -1310.9613,      0.0017,     49.0000,  -1310.9613,      0.0017,     49.0000
health_private_surv20,0,      2.0000,   -112.4298,      0.8143,     53.0000,   -723.5240,      0.2210,     49.0000,   -723.5240,      0.2210,     49.0000
health_private_surv21,0,      2.0000,     -4.6066,      0.9759,     53.0000,    -94.5340,      0.6123,     49.0000,    -94.5340,      0.6123,     49.0000
health_private_surv22,0,      2.0000,    116.4557,      0.3662,     53.0000,    136.1988,      0.4114,     49.0000,    136.1988,      0.4114,     49.0000
health_private_surv23,0,      2.0000,     98.7735,      0.4216,     53.0000,     66.4085,      0.6433,     49.0000,     66.4085,      0.6433,     49.0000
health_private_surv24,0,      2.0000,     38.8297,      0.7366,     53.0000,    -20.5096,      0.8827,     49.0000,    -20.5096,      0.8827,     49.0000
health_private_surv25,0,      2.0000,   -141.1813,      0.1932,     53.0000,   -177.5979,      0.1421,     49.0000,   -177.5979,      0.1421,     49.0000
health_private_surv26,0,      2.0000,   -183.8118,      0.1234,     53.0000,   -190.0002,      0.1854,     49.0000,   -190.0002,      0.1854,     49.0000
health_private_surv27,0,      2.0000,   -301.2680,      0.0013,     53.0000,   -280.7089,      0.0162,     49.0000,   -280.7089,      0.0162,     49.0000
health_private_surv28,0,      2.0000,   -284.6539,      0.0008,     53.0000,   -308.4197,      0.0029,     49.0000,   -308.4197,      0.0029,     49.0000
health_private_surv29,0,      2.0000,   -184.0431,      0.0622,     53.0000,   -175.3216,      0.1375,     49.0000,   -175.3216,      0.1375,     49.0000
health_private_surv30,0,      2.0000,   5123.0614,      0.0137,     12.0000,   7598.4208,,     12.0000,   7598.4208,,     12.0000
health_private_surv31,0,      2.0000,   1777.8477,      0.0802,     20.0000,   3670.5134,      0.0364,     17.0000,   3731.1916,      0.0298,     17.0000
health_private_surv32,0,      2.0000,   2468.2246,      0.0056,     29.0000,   3730.8264,      0.0002,     26.0000,   3646.8031,      0.0003,     26.0000
health_private_surv33,0,      2.0000,   2329.3148,      0.0069,     29.0000,   3493.4894,      0.0004,     26.0000,   3380.6789,      0.0008,     26.0000
health_private_surv34,0,      2.0000,   2191.0758,      0.0094,     29.0000,   3257.0345,      0.0009,     26.0000,   3106.6520,      0.0022,     26.0000
health_private_surv35,0,      2.0000,   2330.5818,      0.0052,     29.0000,   3327.9433,      0.0004,     26.0000,   3091.7943,      0.0013,     26.0000
health_private_surv36,0,      2.0000,   2495.1704,      0.0024,     29.0000,   3418.2054,      0.0002,     26.0000,   3109.7445,      0.0007,     26.0000
health_private_surv37,0,      2.0000,   2384.8158,      0.0024,     29.0000,   3000.2464,      0.0005,     26.0000,   2692.6843,      0.0019,     26.0000
health_private_surv38,0,      2.0000,   2276.6221,      0.0025,     29.0000,   2571.0568,      0.0013,     26.0000,   2270.0962,      0.0048,     26.0000
health_private_surv39,0,      2.0000,   2280.8622,      0.0014,     31.0000,   2650.8438,      0.0016,     28.0000,   2151.5416,      0.0100,     28.0000
health_private_surv40,0,      2.0000,   2285.4764,      0.0020,     31.0000,   2629.6806,      0.0026,     28.0000,   2181.3726,      0.0134,     28.0000
health_private_surv41,0,      2.0000,   2422.1138,      0.0007,     32.0000,   2761.9918,      0.0010,     29.0000,   2385.4632,      0.0057,     29.0000
health_private_surv42,0,      2.0000,   2530.5511,      0.0006,     32.0000,   2866.0178,      0.0007,     29.0000,   2533.2297,      0.0036,     29.0000
health_private_surv43,0,      2.0000,   2645.0391,      0.0003,     32.0000,   2973.9101,      0.0007,     29.0000,   2587.8997,      0.0038,     29.0000
health_private_surv44,0,      2.0000,   2801.7922,      0.0002,     32.0000,   3022.9560,      0.0010,     29.0000,   2618.0166,      0.0047,     29.0000
health_private_surv45,0,      2.0000,   3111.7427,      0.0000,     32.0000,   3101.5334,      0.0009,     29.0000,   2507.9138,      0.0072,     29.0000
health_private_surv46,0,      2.0000,   3301.2038,      0.0000,     32.0000,   3122.3184,      0.0023,     29.0000,   2294.4068,      0.0245,     29.0000
health_private_surv47,0,      2.0000,   3131.5704,      0.0002,     32.0000,   2636.1935,      0.0069,     29.0000,   2102.5210,      0.0371,     29.0000
health_private_surv48,0,      2.0000,   2988.5381,      0.0010,     32.0000,   2213.3915,      0.0237,     29.0000,   1943.8289,      0.0609,     29.0000
health_private_surv49,0,      2.0000,   3500.6917,      0.0002,     32.0000,   2865.6370,      0.0045,     29.0000,   2325.8516,      0.0258,     29.0000
health_private_surv50,0,      2.0000,   4153.7574,      0.0000,     32.0000,   3572.4314,      0.0010,     29.0000,   2770.5801,      0.0110,     29.0000
health_private_surv51,0,      2.0000,   4397.4962,      0.0000,     32.0000,   3900.2913,      0.0004,     29.0000,   3144.7226,      0.0045,     29.0000
health_private_surv52,0,      2.0000,   4508.7038,      0.0000,     32.0000,   4064.6405,      0.0003,     29.0000,   3400.6602,      0.0024,     29.0000
health_private_surv53,0,      2.0000,   4912.8863,      0.0000,     32.0000,   4086.6675,      0.0010,     29.0000,   3271.0915,      0.0088,     29.0000
health_private_surv54,0,      2.0000,   5265.4069,      0.0000,     32.0000,   4020.8608,      0.0039,     29.0000,   3054.6084,      0.0297,     29.0000
health_private_surv55,0,      2.0000,   5633.4457,      0.0000,     32.0000,   3781.9062,      0.0094,     29.0000,   2717.8792,      0.0667,     29.0000
health_private_surv56,0,      2.0000,   6057.2032,      0.0000,     32.0000,   3740.9795,      0.0172,     29.0000,   2478.9664,      0.1253,     29.0000
health_private_surv57,0,      2.0000,   6064.0400,      0.0000,     32.0000,   3841.4273,      0.0174,     29.0000,   2583.6435,      0.1208,     29.0000
health_private_surv58,0,      2.0000,   6089.1309,      0.0000,     32.0000,   3944.8652,      0.0120,     29.0000,   2855.7055,      0.0780,     29.0000
health_private_surv59,0,      2.0000,   6209.1227,      0.0000,     32.0000,   3892.1900,      0.0232,     29.0000,   3190.5644,      0.0748,     29.0000
health_private_surv60,0,      2.0000,   6370.8663,      0.0001,     32.0000,   3946.2797,      0.0466,     29.0000,   3463.5200,      0.0967,     29.0000
health_private_surv61,0,      2.0000,   6364.2034,      0.0001,     32.0000,   4418.1632,      0.0280,     29.0000,   3532.9910,      0.0912,     29.0000
health_private_surv62,0,      2.0000,   6239.1271,      0.0001,     32.0000,   4690.2116,      0.0276,     29.0000,   3399.1875,      0.1216,     29.0000
health_private_surv63,0,      2.0000,   6563.0507,      0.0002,     32.0000,   4440.3995,      0.0345,     29.0000,   3175.2363,      0.1438,     29.0000
health_private_surv64,0,      2.0000,   7273.5259,      0.0001,     32.0000,   4843.3237,      0.0132,     29.0000,   3712.4714,      0.0646,     29.0000
health_private_surv65,0,      2.0000,   6146.6036,      0.0001,     32.0000,   4254.2429,      0.0233,     29.0000,   2961.5520,      0.1237,     29.0000
health_private_surv66,0,      2.0000,   4770.3670,      0.0002,     32.0000,   3098.9937,      0.0530,     29.0000,   1900.3563,      0.2437,     29.0000
health_private_surv67,0,      2.0000,   5050.3086,      0.0000,     32.0000,   3397.8489,      0.0129,     29.0000,   2435.5866,      0.0725,     29.0000
health_private_surv68,0,      2.0000,   5409.5090,      0.0000,     32.0000,   3902.1041,      0.0053,     29.0000,   2942.3073,      0.0350,     29.0000
health_private_surv69,0,      2.0000,   5298.9986,      0.0000,     32.0000,   3777.0099,      0.0051,     29.0000,   2983.2249,      0.0301,     29.0000
health_private_surv70,0,      2.0000,   5023.8033,      0.0000,     32.0000,   3498.6859,      0.0196,     29.0000,   2733.0562,      0.0753,     29.0000
health_private_surv71,0,      2.0000,   4433.1671,      0.0002,     32.0000,   3255.6559,      0.0359,     29.0000,   2509.7711,      0.1118,     29.0000
health_private_surv72,0,      2.0000,   4176.3244,      0.0003,     32.0000,   3131.9646,      0.0431,     29.0000,   2666.3859,      0.0929,     29.0000
health_private_surv73,0,      2.0000,   4628.0801,      0.0001,     32.0000,   2639.6577,      0.0625,     29.0000,   2563.1958,      0.0729,     29.0000
health_private_surv74,0,      2.0000,   4785.3922,      0.0003,     32.0000,   1888.2834,      0.1848,     29.0000,   2124.9957,      0.1331,     29.0000
health_private_surv75,0,      2.0000,   5911.9887,      0.0000,     32.0000,   3266.2962,      0.0261,     29.0000,   3072.2468,      0.0408,     29.0000
health_private_surv76,0,      2.0000,   6754.7286,      0.0000,     32.0000,   4584.8598,      0.0192,     29.0000,   3460.2004,      0.0829,     29.0000
health_private_surv77,0,      2.0000,   6640.3644,      0.0006,     32.0000,   3030.3830,      0.2167,     29.0000,   1513.1684,      0.5446,     29.0000
health_private_surv78,0,      2.0000,   6701.7616,      0.0024,     32.0000,   1535.3520,      0.5534,     29.0000,    206.9464,      0.9384,     29.0000
health_private_surv79,0,      2.0000,   7821.9932,      0.0001,     32.0000,   3438.9450,      0.1048,     29.0000,   1894.8807,      0.3888,     29.0000
health_private_surv8,0,      2.0000,     30.0244,      0.4956,     53.0000,    -42.2132,      0.3525,     49.0000,    -42.2132,      0.3525,     49.0000
health_private_surv9,0,      2.0000,     39.5463,      0.4091,     53.0000,      5.1513,      0.9178,     49.0000,      5.1513,      0.9178,     49.0000
health_private_surv10,0,      3.0000,     32.4211,      0.7942,     54.0000,     65.4185,      0.5530,     47.0000,     65.4185,      0.5530,     47.0000
health_private_surv11,0,      3.0000,     65.6656,      0.5190,     54.0000,    202.8315,      0.0409,     47.0000,    202.8315,      0.0409,     47.0000
health_private_surv12,0,      3.0000,    -16.5992,      0.9173,     51.0000,    181.4893,      0.2892,     44.0000,    181.4893,      0.2892,     44.0000
health_private_surv13,0,      3.0000,    -90.8743,      0.5134,     51.0000,     -7.0741,      0.9557,     44.0000,     -7.0741,      0.9557,     44.0000
health_private_surv14,0,      3.0000,   -168.3343,      0.7199,     51.0000,     13.7751,      0.9811,     44.0000,     13.7751,      0.9811,     44.0000
health_private_surv15,0,      3.0000,   -187.9931,      0.1731,     54.0000,   -172.7587,      0.3313,     47.0000,   -172.7587,      0.3313,     47.0000
health_private_surv16,0,      3.0000,   -463.0501,      0.3347,     54.0000,   -832.0317,      0.0192,     47.0000,   -832.0317,      0.0192,     47.0000
health_private_surv17,0,      3.0000,   -668.0491,      0.1028,     54.0000,  -1063.2810,      0.0021,     47.0000,  -1063.2810,      0.0021,     47.0000
health_private_surv18,0,      3.0000,  -1032.9798,      0.0272,     54.0000,  -1528.5720,      0.0009,     47.0000,  -1528.5720,      0.0009,     47.0000
health_private_surv19,0,      3.0000,   -770.6153,      0.0943,     54.0000,  -1201.4939,      0.0006,     47.0000,  -1201.4939,      0.0006,     47.0000
health_private_surv20,0,      3.0000,   -552.2971,      0.1915,     54.0000,   -810.9339,      0.0527,     47.0000,   -810.9339,      0.0527,     47.0000
health_private_surv21,0,      3.0000,    310.8964,      0.2148,     54.0000,    433.2676,      0.1043,     47.0000,    433.2676,      0.1043,     47.0000
health_private_surv22,0,      3.0000,     71.4650,      0.7108,     54.0000,    188.1051,      0.3582,     47.0000,    188.1051,      0.3582,     47.0000
health_private_surv23,0,      3.0000,    424.7713,      0.1628,     54.0000,    660.3404,      0.0496,     47.0000,    660.3404,      0.0496,     47.0000
health_private_surv24,0,      3.0000,    -67.7779,      0.6875,     54.0000,    133.1853,      0.5019,     47.0000,    133.1853,      0.5019,     47.0000
health_private_surv25,0,      3.0000,   -189.2111,      0.1295,     54.0000,    -22.7411,      0.8636,     47.0000,    -22.7411,      0.8636,     47.0000
health_private_surv26,0,      3.0000,   -333.4389,      0.0118,     54.0000,   -239.6666,      0.0879,     47.0000,   -239.6666,      0.0879,     47.0000
health_private_surv27,0,      3.0000,   -153.1935,      0.1722,     54.0000,     -4.1278,      0.9707,     47.0000,     -4.1278,      0.9707,     47.0000
health_private_surv28,0,      3.0000,   -150.5270,      0.2586,     54.0000,   -100.6518,      0.4713,     47.0000,   -100.6518,      0.4713,     47.0000
health_private_surv29,0,      3.0000,    -20.7084,      0.8658,     54.0000,     65.2326,      0.4558,     47.0000,     65.2326,      0.4558,     47.0000
health_private_surv30,0,      3.0000,   1935.5432,      0.2083,     11.0000,    479.8881,,      8.0000,    479.8881,,      8.0000
health_private_surv31,0,      3.0000,   1205.2108,      0.1193,     26.0000,   1105.4221,      0.3390,     20.0000,   1535.7341,      0.1526,     20.0000
health_private_surv32,0,      3.0000,   1400.0295,      0.0786,     32.0000,    224.9086,      0.8079,     26.0000,    557.8401,      0.4951,     26.0000
health_private_surv33,0,      3.0000,   1505.0898,      0.0644,     32.0000,    248.8335,      0.7849,     26.0000,    596.2439,      0.4546,     26.0000
health_private_surv34,0,      3.0000,   1683.0518,      0.0405,     32.0000,    410.4435,      0.6514,     26.0000,    712.5294,      0.3651,     26.0000
health_private_surv35,0,      3.0000,   1701.4707,      0.0375,     32.0000,    400.8942,      0.6574,     26.0000,    767.0313,      0.3285,     26.0000
health_private_surv36,0,      3.0000,   1682.3426,      0.0399,     32.0000,    367.1886,      0.6850,     26.0000,    820.5940,      0.2984,     26.0000
health_private_surv37,0,      3.0000,   1707.2803,      0.0373,     32.0000,    237.7079,      0.7932,     26.0000,    720.1999,      0.3615,     26.0000
health_private_surv38,0,      3.0000,   1720.4012,      0.0315,     32.0000,    173.5624,      0.8440,     26.0000,    660.0638,      0.3923,     26.0000
health_private_surv39,0,      3.0000,   1742.5321,      0.0241,     32.0000,    405.8199,      0.6150,     26.0000,    882.5920,      0.2137,     26.0000
health_private_surv40,0,      3.0000,   1689.2214,      0.0306,     32.0000,    434.6572,      0.5763,     26.0000,    942.7072,      0.1660,     26.0000
health_private_surv41,0,      3.0000,   1602.5897,      0.0580,     32.0000,    130.5204,      0.8824,     26.0000,    662.2605,      0.3926,     26.0000
health_private_surv42,0,      3.0000,   1692.7239,      0.0593,     32.0000,     67.9171,      0.9461,     26.0000,    498.8569,      0.5764,     26.0000
health_private_surv43,0,      3.0000,   1872.9517,      0.0325,     32.0000,    242.6737,      0.8016,     26.0000,    568.2951,      0.5058,     26.0000
health_private_surv44,0,      3.0000,   1756.1591,      0.0518,     32.0000,     32.1274,      0.9733,     26.0000,    495.3075,      0.5461,     26.0000
health_private_surv45,0,      3.0000,   1592.4126,      0.0960,     32.0000,   -234.4637,      0.8250,     26.0000,    266.9289,      0.7625,     26.0000
health_private_surv46,0,      3.0000,   1625.1996,      0.1028,     32.0000,   -362.6479,      0.7437,     26.0000,     94.3144,      0.9188,     26.0000
health_private_surv47,0,      3.0000,   1771.7819,      0.0970,     32.0000,   -407.6797,      0.7166,     26.0000,     34.1545,      0.9712,     26.0000
health_private_surv48,0,      3.0000,   1836.5032,      0.0967,     32.0000,   -340.1180,      0.7602,     26.0000,     61.8354,      0.9479,     26.0000
health_private_surv49,0,      3.0000,   1959.4468,      0.0752,     32.0000,     19.8939,      0.9846,     26.0000,    297.4357,      0.7337,     26.0000
health_private_surv50,0,      3.0000,   2341.2627,      0.0358,     32.0000,    549.9621,      0.5944,     26.0000,    580.3388,      0.5145,     26.0000
health_private_surv51,0,      3.0000,   2489.7145,      0.0284,     32.0000,    750.8440,      0.5095,     26.0000,    866.5714,      0.3807,     26.0000
health_private_surv52,0,      3.0000,   2535.4646,      0.0326,     32.0000,    869.5623,      0.4899,     26.0000,   1256.8853,      0.2529,     26.0000
health_private_surv53,0,      3.0000,   2575.9493,      0.0331,     32.0000,    922.6962,      0.4484,     26.0000,   1391.6072,      0.1977,     26.0000
health_private_surv54,0,      3.0000,   2517.1932,      0.0428,     32.0000,    790.8224,      0.5161,     26.0000,   1292.1454,      0.2338,     26.0000
health_private_surv55,0,      3.0000,   2750.3399,      0.0367,     32.0000,    963.7577,      0.4374,     26.0000,   1240.3598,      0.2448,     26.0000
health_private_surv56,0,      3.0000,   2886.7353,      0.0444,     32.0000,   1032.5783,      0.4309,     26.0000,   1306.0288,      0.2362,     26.0000
health_private_surv57,0,      3.0000,   3143.8239,      0.0402,     32.0000,    874.5019,      0.5026,     26.0000,   1289.1459,      0.2387,     26.0000
health_private_surv58,0,      3.0000,   3623.4400,      0.0289,     32.0000,    939.1708,      0.5229,     26.0000,   1205.6434,      0.3474,     26.0000
health_private_surv59,0,      3.0000,   3759.2838,      0.0222,     32.0000,   1611.4797,      0.2071,     26.0000,   1758.0512,      0.1189,     26.0000
health_private_surv60,0,      3.0000,   3809.0981,      0.0271,     32.0000,   1952.3682,      0.1072,     26.0000,   2197.1233,      0.0414,     26.0000
health_private_surv61,0,      3.0000,   3804.4343,      0.0343,     32.0000,   1395.2953,      0.2339,     26.0000,   1777.2053,      0.0899,     26.0000
health_private_surv62,0,      3.0000,   3879.2530,      0.0341,     32.0000,   1234.9530,      0.2750,     26.0000,   1557.5858,      0.1261,     26.0000
health_private_surv63,0,      3.0000,   4213.4575,      0.0299,     32.0000,   1571.1429,      0.2272,     26.0000,   1191.6349,      0.2991,     26.0000
health_private_surv64,0,      3.0000,   4627.8713,      0.0269,     32.0000,   1758.7025,      0.2574,     26.0000,    751.3681,      0.5849,     26.0000
health_private_surv65,0,      3.0000,   4300.5845,      0.0349,     32.0000,    263.0421,      0.8566,     26.0000,    302.9995,      0.8140,     26.0000
health_private_surv66,0,      3.0000,   3830.0983,      0.0331,     32.0000,   -254.4303,      0.8462,     26.0000,     64.7281,      0.9563,     26.0000
health_private_surv67,0,      3.0000,   4315.0019,      0.0101,     32.0000,   1474.0838,      0.2543,     26.0000,   1160.8645,      0.3163,     26.0000
health_private_surv68,0,      3.0000,   4668.9118,      0.0075,     32.0000,   1982.1207,      0.1396,     26.0000,   1815.7362,      0.1332,     26.0000
health_private_surv69,0,      3.0000,   4405.0555,      0.0101,     32.0000,   1366.1655,      0.2615,     26.0000,   1318.8537,      0.2380,     26.0000
health_private_surv70,0,      3.0000,   4218.9108,      0.0135,     32.0000,    931.9052,      0.4390,     26.0000,    926.4684,      0.4053,     26.0000
health_private_surv71,0,      3.0000,   4147.6190,      0.0197,     32.0000,    637.4882,      0.5622,     26.0000,     -6.2363,      0.9950,     26.0000
health_private_surv72,0,      3.0000,   4114.2472,      0.0266,     32.0000,    607.0464,      0.5523,     26.0000,   -565.2293,      0.5312,     26.0000
health_private_surv73,0,      3.0000,   4128.8363,      0.0288,     32.0000,    951.0891,      0.4328,     26.0000,    -54.8194,      0.9586,     26.0000
health_private_surv74,0,      3.0000,   3550.8767,      0.0783,     32.0000,    328.8565,      0.8130,     26.0000,   -104.8466,      0.9328,     26.0000
health_private_surv75,0,      3.0000,   4002.6369,      0.0684,     32.0000,    848.6557,      0.4894,     26.0000,    768.2669,      0.4848,     26.0000
health_private_surv76,0,      3.0000,   5632.7555,      0.0171,     32.0000,   2564.2492,      0.0574,     26.0000,   2246.5478,      0.0612,     26.0000
health_private_surv77,0,      3.0000,   5290.7344,      0.0250,     32.0000,   1017.5040,      0.4263,     26.0000,    545.5101,      0.6383,     26.0000
health_private_surv78,0,      3.0000,   4587.1949,      0.0655,     32.0000,  -1128.9951,      0.4579,     26.0000,  -1380.8286,      0.3201,     26.0000
health_private_surv79,0,      3.0000,   6084.4294,      0.0360,     32.0000,   -323.4093,      0.8425,     26.0000,   -719.8269,      0.6356,     26.0000
health_private_surv8,0,      3.0000,  -3771.5279,      0.2958,     54.0000,  -5912.0090,      0.2071,     47.0000,  -5912.0090,      0.2071,     47.0000
health_private_surv9,0,      3.0000,    109.4853,      0.3619,     54.0000,     92.4562,      0.2586,     47.0000,     92.4562,      0.2586,     47.0000
health_private_surv10,1,      0.0000,     19.2823,      0.7959,     56.0000,     63.1704,      0.4933,     47.0000,     63.1704,      0.4933,     47.0000
health_private_surv11,1,      0.0000,    -63.4223,      0.4304,     56.0000,     50.8180,      0.6096,     47.0000,     50.8180,      0.6096,     47.0000
health_private_surv12,1,      0.0000,   -682.4544,      0.3204,     56.0000,   -319.7860,      0.7402,     47.0000,   -319.7860,      0.7402,     47.0000
health_private_surv13,1,      0.0000,   -116.0089,      0.3419,     56.0000,    -81.1727,      0.5768,     47.0000,    -81.1727,      0.5768,     47.0000
health_private_surv14,1,      0.0000,   1665.0900,      0.1460,     56.0000,   -200.7732,      0.2558,     47.0000,   -200.7732,      0.2558,     47.0000
health_private_surv15,1,      0.0000,    241.0107,      0.3051,     56.0000,    197.5954,      0.5502,     47.0000,    197.5954,      0.5502,     47.0000
health_private_surv16,1,      0.0000,   4724.6214,      0.0734,     56.0000,   -469.0334,      0.3748,     47.0000,   -469.0334,      0.3748,     47.0000
health_private_surv17,1,      0.0000,   3265.4938,      0.0570,     56.0000,   -547.9357,      0.3032,     47.0000,   -547.9357,      0.3032,     47.0000
health_private_surv18,1,      0.0000,   3302.8145,      0.0824,     56.0000,  -1079.9288,      0.0716,     47.0000,  -1079.9288,      0.0716,     47.0000
health_private_surv19,1,      0.0000,   4049.4069,      0.1048,     56.0000,   -540.3864,      0.2526,     47.0000,   -540.3864,      0.2526,     47.0000
health_private_surv20,1,      0.0000,   3348.4714,      0.0225,     56.0000,    405.5178,      0.6187,     47.0000,    405.5178,      0.6187,     47.0000
health_private_surv21,1,      0.0000,    -65.5954,      0.7543,     56.0000,    336.6960,      0.1812,     47.0000,    336.6960,      0.1812,     47.0000
health_private_surv22,1,      0.0000,    174.7365,      0.2446,     56.0000,    282.1367,      0.1238,     47.0000,    282.1367,      0.1238,     47.0000
health_private_surv23,1,      0.0000,    126.4960,      0.3537,     56.0000,    355.8680,      0.0289,     47.0000,    355.8680,      0.0289,     47.0000
health_private_surv24,1,      0.0000,      2.2814,      0.9863,     56.0000,    231.6137,      0.1262,     47.0000,    231.6137,      0.1262,     47.0000
health_private_surv25,1,      0.0000,   -147.4927,      0.1873,     56.0000,     44.7773,      0.6337,     47.0000,     44.7773,      0.6337,     47.0000
health_private_surv26,1,      0.0000,   -212.5166,      0.0501,     56.0000,    -46.7670,      0.6459,     47.0000,    -46.7670,      0.6459,     47.0000
health_private_surv27,1,      0.0000,   -223.8350,      0.0347,     56.0000,    -74.5916,      0.4061,     47.0000,    -74.5916,      0.4061,     47.0000
health_private_surv28,1,      0.0000,    -58.1568,      0.6216,     56.0000,    -41.8506,      0.6254,     47.0000,    -41.8506,      0.6254,     47.0000
health_private_surv29,1,      0.0000,    -64.5588,      0.6068,     56.0000,     -3.1142,      0.9754,     47.0000,     -3.1142,      0.9754,     47.0000
health_private_surv30,1,      0.0000,   -830.4949,      0.6371,     11.0000,      0.0000,,      6.0000,      0.0000,,      6.0000
health_private_surv31,1,      0.0000,   1626.7473,      0.1296,     19.0000,   2810.1440,,     13.0000,   2810.1440,,     13.0000
health_private_surv32,1,      0.0000,   2241.3972,      0.0179,     24.0000,   1469.1751,      0.0615,     18.0000,   1242.4427,      0.2373,     18.0000
health_private_surv33,1,      0.0000,   2444.6770,      0.0090,     24.0000,   1629.9428,      0.0314,     18.0000,   1419.2550,      0.1579,     18.0000
health_private_surv34,1,      0.0000,   2362.2232,      0.0085,     24.0000,   1659.7075,      0.0253,     18.0000,   1455.0174,      0.1363,     18.0000
health_private_surv35,1,      0.0000,   2080.4982,      0.0202,     24.0000,   1344.1338,      0.0447,     18.0000,   1171.2445,      0.2104,     18.0000
health_private_surv36,1,      0.0000,   2116.0355,      0.0241,     24.0000,   1240.3160,      0.0527,     18.0000,   1108.0928,      0.2245,     18.0000
health_private_surv37,1,      0.0000,   2315.8059,      0.0161,     24.0000,   1473.2211,      0.0238,     18.0000,   1328.1985,      0.1422,     18.0000
health_private_surv38,1,      0.0000,   2238.0915,      0.0199,     24.0000,   1347.2903,      0.0320,     18.0000,   1184.4780,      0.1701,     18.0000
health_private_surv39,1,      0.0000,   2102.7393,      0.0166,     25.0000,   1155.2808,      0.0477,     19.0000,    932.8125,      0.2576,     19.0000
health_private_surv40,1,      0.0000,   2160.9133,      0.0131,     25.0000,   1439.4528,      0.0194,     19.0000,   1208.5804,      0.1566,     19.0000
health_private_surv41,1,      0.0000,   2230.4088,      0.0077,     26.0000,   1970.6096,      0.0039,     20.0000,   2193.6401,      0.0175,     20.0000
health_private_surv42,1,      0.0000,   2254.5375,      0.0095,     26.0000,   1929.6885,      0.0039,     20.0000,   2158.0664,      0.0160,     20.0000
health_private_surv43,1,      0.0000,   2266.2720,      0.0096,     26.0000,   1835.6903,      0.0060,     20.0000,   2163.9388,      0.0195,     20.0000
health_private_surv44,1,      0.0000,   2387.1456,      0.0088,     26.0000,   1964.7472,      0.0071,     20.0000,   2354.1894,      0.0227,     20.0000
health_private_surv45,1,      0.0000,   2446.7671,      0.0141,     26.0000,   2069.9612,      0.0165,     20.0000,   2541.2758,      0.0355,     20.0000
health_private_surv46,1,      0.0000,   2213.6142,      0.0353,     26.0000,   1947.1264,      0.0578,     20.0000,   2542.6456,      0.0805,     20.0000
health_private_surv47,1,      0.0000,   2146.9729,      0.0455,     26.0000,   1979.9026,      0.0566,     20.0000,   2513.1567,      0.0877,     20.0000
health_private_surv48,1,      0.0000,   2202.7013,      0.0512,     26.0000,   1613.5159,      0.0961,     20.0000,   2030.6235,      0.1354,     20.0000
health_private_surv49,1,      0.0000,   2303.2649,      0.0597,     26.0000,   1278.5720,      0.2105,     20.0000,   1793.3577,      0.2155,     20.0000
health_private_surv50,1,      0.0000,   2745.6912,      0.0349,     26.0000,   1822.9338,      0.0939,     20.0000,   2534.6258,      0.1014,     20.0000
health_private_surv51,1,      0.0000,   3209.5489,      0.0213,     26.0000,   2511.2151,      0.0183,     20.0000,   3191.3713,      0.0280,     20.0000
health_private_surv52,1,      0.0000,   2976.5764,      0.0465,     26.0000,   2064.3617,      0.0462,     20.0000,   2708.6172,      0.0508,     20.0000
health_private_surv53,1,      0.0000,   2459.3199,      0.1093,     26.0000,   1131.6483,      0.3488,     20.0000,   2030.3109,      0.2203,     20.0000
health_private_surv54,1,      0.0000,   2923.8222,      0.0690,     26.0000,   1607.1502,      0.2333,     20.0000,   2687.9182,      0.1610,     20.0000
health_private_surv55,1,      0.0000,   3694.2838,      0.0356,     26.0000,   2325.5114,      0.0901,     20.0000,   3482.3320,      0.0731,     20.0000
health_private_surv56,1,      0.0000,   3212.9371,      0.0870,     26.0000,   1187.9055,      0.3792,     20.0000,   2487.8743,      0.2062,     20.0000
health_private_surv57,1,      0.0000,   2415.8072,      0.2395,     26.0000,   -228.2524,      0.8918,     20.0000,   1266.7707,      0.5945,     20.0000
health_private_surv58,1,      0.0000,   2551.0402,      0.2401,     26.0000,    -83.3306,      0.9650,     20.0000,   1488.9313,      0.5799,     20.0000
health_private_surv59,1,      0.0000,   2935.1267,      0.1991,     26.0000,    453.9412,      0.8095,     20.0000,   2105.6254,      0.4315,     20.0000
health_private_surv60,1,      0.0000,   3037.2628,      0.2028,     26.0000,   1522.7206,      0.4449,     20.0000,   3352.1517,      0.2326,     20.0000
health_private_surv61,1,      0.0000,   3131.0101,      0.1991,     26.0000,   2289.1529,      0.2758,     20.0000,   4233.9128,      0.1547,     20.0000
health_private_surv62,1,      0.0000,   3033.9692,      0.2326,     26.0000,   1550.1997,      0.4736,     20.0000,   3582.6280,      0.2521,     20.0000
health_private_surv63,1,      0.0000,   2292.6277,      0.3683,     26.0000,    792.0008,      0.7438,     20.0000,   2824.6197,      0.4168,     20.0000
health_private_surv64,1,      0.0000,   2643.1572,      0.3100,     26.0000,   1139.5898,      0.6754,     20.0000,   3018.1907,      0.4291,     20.0000
health_private_surv65,1,      0.0000,   4288.5448,      0.1052,     26.0000,   2742.7715,      0.2387,     20.0000,   3982.7369,      0.2179,     20.0000
health_private_surv66,1,      0.0000,   4636.8271,      0.0746,     26.0000,   4024.4478,      0.0273,     20.0000,   4897.8711,      0.0426,     20.0000
health_private_surv67,1,      0.0000,   4101.1213,      0.1068,     26.0000,   3800.3628,      0.0306,     20.0000,   4969.8235,      0.0370,     20.0000
health_private_surv68,1,      0.0000,   3938.2881,      0.1268,     26.0000,   2697.1846,      0.1223,     20.0000,   4062.5114,      0.1005,     20.0000
health_private_surv69,1,      0.0000,   4087.4610,      0.1178,     26.0000,   1882.2079,      0.2401,     20.0000,   3255.1695,      0.1663,     20.0000
health_private_surv70,1,      0.0000,   5235.3431,      0.0436,     26.0000,   3512.4433,      0.0363,     20.0000,   4812.9647,      0.0409,     20.0000
health_private_surv71,1,      0.0000,   5853.4348,      0.0257,     26.0000,   5304.1928,      0.0194,     20.0000,   6716.7905,      0.0211,     20.0000
health_private_surv72,1,      0.0000,   3840.1535,      0.1385,     26.0000,   2708.7676,      0.2267,     20.0000,   4369.5760,      0.1600,     20.0000
health_private_surv73,1,      0.0000,   2766.5028,      0.3128,     26.0000,    886.7890,      0.6507,     20.0000,   2229.3156,      0.3992,     20.0000
health_private_surv74,1,      0.0000,   5103.4602,      0.0634,     26.0000,   4603.5194,      0.0094,     20.0000,   5431.9802,      0.0187,     20.0000
health_private_surv75,1,      0.0000,   7009.8294,      0.0262,     26.0000,   7661.8047,      0.0036,     20.0000,   8926.0130,      0.0052,     20.0000
health_private_surv76,1,      0.0000,   7436.2344,      0.0376,     26.0000,   7307.4446,      0.0165,     20.0000,   9167.8279,      0.0196,     20.0000
health_private_surv77,1,      0.0000,   8412.7848,      0.0307,     26.0000,   7828.7067,      0.0084,     20.0000,   9602.4037,      0.0129,     20.0000
health_private_surv78,1,      0.0000,   8802.0129,      0.0318,     26.0000,   9714.1627,      0.0015,     20.0000,  11383.7658,      0.0029,     20.0000
health_private_surv79,1,      0.0000,   8102.9763,      0.0683,     26.0000,  11627.4282,      0.0029,     20.0000,  13264.5110,      0.0042,     20.0000
health_private_surv8,1,      0.0000,  -5745.5143,      0.0481,     56.0000,  -7713.4378,      0.0434,     47.0000,  -7713.4378,      0.0434,     47.0000
health_private_surv9,1,      0.0000,    142.2106,      0.0771,     56.0000,     70.3088,      0.3478,     47.0000,     70.3088,      0.3478,     47.0000
health_private_surv10,1,      1.0000,   -107.4695,      0.2164,     58.0000,    -16.3995,      0.8744,     46.0000,    -16.3995,      0.8744,     46.0000
health_private_surv11,1,      1.0000,   -114.3703,      0.1916,     58.0000,     48.2689,      0.6538,     46.0000,     48.2689,      0.6538,     46.0000
health_private_surv12,1,      1.0000,  -1635.2190,      0.1087,     49.0000,  -3301.4402,      0.0385,     37.0000,  -3301.4402,      0.0385,     37.0000
health_private_surv13,1,      1.0000,   -370.0391,      0.0322,     49.0000,   -115.5144,      0.4742,     37.0000,   -115.5144,      0.4742,     37.0000
health_private_surv14,1,      1.0000,   1803.3195,      0.2985,     49.0000,   -332.0859,      0.1155,     37.0000,   -332.0859,      0.1155,     37.0000
health_private_surv15,1,      1.0000,   -397.0421,      0.0058,     58.0000,   -492.1292,      0.0060,     46.0000,   -492.1292,      0.0060,     46.0000
health_private_surv16,1,      1.0000,   1780.8219,      0.3262,     58.0000,   -875.3347,      0.1134,     46.0000,   -875.3347,      0.1134,     46.0000
health_private_surv17,1,      1.0000,    612.7826,      0.6269,     58.0000,  -1273.1595,      0.0198,     46.0000,  -1273.1595,      0.0198,     46.0000
health_private_surv18,1,      1.0000,   1040.4359,      0.4367,     58.0000,  -1681.7318,      0.0046,     46.0000,  -1681.7318,      0.0046,     46.0000
health_private_surv19,1,      1.0000,   1458.7516,      0.3910,     58.0000,   -889.3836,      0.0595,     46.0000,   -889.3836,      0.0595,     46.0000
health_private_surv20,1,      1.0000,    975.7058,      0.3856,     58.0000,   -290.8520,      0.7446,     46.0000,   -290.8520,      0.7446,     46.0000
health_private_surv21,1,      1.0000,    -86.1597,      0.5798,     58.0000,    138.4758,      0.4372,     46.0000,    138.4758,      0.4372,     46.0000
health_private_surv22,1,      1.0000,    195.9559,      0.1852,     58.0000,    339.7452,      0.0426,     46.0000,    339.7452,      0.0426,     46.0000
health_private_surv23,1,      1.0000,    152.7880,      0.2265,     58.0000,    338.6381,      0.0114,     46.0000,    338.6381,      0.0114,     46.0000
health_private_surv24,1,      1.0000,    176.3492,      0.2156,     58.0000,    207.6061,      0.1652,     46.0000,    207.6061,      0.1652,     46.0000
health_private_surv25,1,      1.0000,    -64.7338,      0.5949,     58.0000,   -121.3449,      0.3163,     46.0000,   -121.3449,      0.3163,     46.0000
health_private_surv26,1,      1.0000,   -230.0084,      0.0522,     58.0000,   -171.0672,      0.2026,     46.0000,   -171.0672,      0.2026,     46.0000
health_private_surv27,1,      1.0000,   -146.0704,      0.1191,     58.0000,    -98.7076,      0.1251,     46.0000,    -98.7076,      0.1251,     46.0000
health_private_surv28,1,      1.0000,    -56.4122,      0.5992,     58.0000,    -77.6255,      0.1915,     46.0000,    -77.6255,      0.1915,     46.0000
health_private_surv29,1,      1.0000,    -51.6149,      0.6711,     58.0000,     20.5017,      0.7895,     46.0000,     20.5017,      0.7895,     46.0000
health_private_surv30,1,      1.0000,      0.0000,,     11.0000,      0.0000,,      4.0000,      0.0000,,      4.0000
health_private_surv31,1,      1.0000,   3405.5230,      0.0043,     24.0000,      0.0000,,     15.0000,      0.0000,,     15.0000
health_private_surv32,1,      1.0000,   3784.5092,      0.0001,     33.0000,   4593.1824,      0.0000,     24.0000,   4471.3053,      0.0000,     24.0000
health_private_surv33,1,      1.0000,   3521.6828,      0.0002,     33.0000,   5040.7102,      0.0000,     24.0000,   4884.8662,      0.0000,     24.0000
health_private_surv34,1,      1.0000,   3325.0194,      0.0001,     33.0000,   5356.6901,      0.0000,     24.0000,   5207.5920,      0.0000,     24.0000
health_private_surv35,1,      1.0000,   3347.7562,      0.0001,     33.0000,   4958.3951,      0.0000,     24.0000,   4833.0762,      0.0000,     24.0000
health_private_surv36,1,      1.0000,   3231.4007,      0.0001,     33.0000,   4673.7442,      0.0000,     24.0000,   4549.8224,      0.0000,     24.0000
health_private_surv37,1,      1.0000,   2868.0782,      0.0003,     33.0000,   3965.7695,      0.0000,     24.0000,   3825.9134,      0.0000,     24.0000
health_private_surv38,1,      1.0000,   2374.8338,      0.0026,     33.0000,   3124.6646,      0.0000,     24.0000,   2991.9275,      0.0000,     24.0000
health_private_surv39,1,      1.0000,   2092.4024,      0.0105,     33.0000,   3100.1560,      0.0000,     24.0000,   3060.9678,      0.0000,     24.0000
health_private_surv40,1,      1.0000,   2174.5774,      0.0083,     33.0000,   3594.2794,      0.0000,     24.0000,   3529.2096,      0.0000,     24.0000
health_private_surv41,1,      1.0000,   2252.2207,      0.0061,     33.0000,   4240.8227,      0.0000,     24.0000,   4179.7751,      0.0000,     24.0000
health_private_surv42,1,      1.0000,   2405.5507,      0.0040,     33.0000,   4603.0109,      0.0000,     24.0000,   4589.9969,      0.0000,     24.0000
health_private_surv43,1,      1.0000,   2478.0548,      0.0047,     33.0000,   4238.6458,      0.0000,     24.0000,   4199.5865,      0.0000,     24.0000
health_private_surv44,1,      1.0000,   2130.1309,      0.0200,     33.0000,   3472.3431,      0.0000,     24.0000,   3517.9861,      0.0000,     24.0000
health_private_surv45,1,      1.0000,   2018.1294,      0.0458,     33.0000,   3226.2958,      0.0000,     24.0000,   3366.9933,      0.0000,     24.0000
health_private_surv46,1,      1.0000,   2672.0565,      0.0061,     33.0000,   3804.9583,      0.0000,     24.0000,   3858.0670,      0.0000,     24.0000
health_private_surv47,1,      1.0000,   3178.2553,      0.0008,     33.0000,   4231.0430,      0.0000,     24.0000,   4171.6653,      0.0000,     24.0000
health_private_surv48,1,      1.0000,   2948.8410,      0.0058,     33.0000,   3900.4052,      0.0000,     24.0000,   3874.1564,      0.0000,     24.0000
health_private_surv49,1,      1.0000,   2718.7480,      0.0250,     33.0000,   3503.9216,      0.0000,     24.0000,   3522.9274,      0.0000,     24.0000
health_private_surv50,1,      1.0000,   3031.9825,      0.0133,     33.0000,   3770.6019,      0.0000,     24.0000,   3705.4377,      0.0000,     24.0000
health_private_surv51,1,      1.0000,   3640.7401,      0.0040,     33.0000,   5569.5196,      0.0000,     24.0000,   5463.0198,      0.0000,     24.0000
health_private_surv52,1,      1.0000,   3481.9000,      0.0088,     33.0000,   6710.2740,      0.0000,     24.0000,   6741.6072,      0.0000,     24.0000
health_private_surv53,1,      1.0000,   3021.1815,      0.0281,     33.0000,   5763.6414,      0.0000,     24.0000,   5898.3086,      0.0000,     24.0000
health_private_surv54,1,      1.0000,   3914.4135,      0.0107,     33.0000,   5553.1042,      0.0000,     24.0000,   5507.3134,      0.0000,     24.0000
health_private_surv55,1,      1.0000,   4844.5816,      0.0073,     33.0000,   6417.2227,      0.0000,     24.0000,   6008.3373,      0.0000,     24.0000
health_private_surv56,1,      1.0000,   4393.2345,      0.0174,     33.0000,   6503.7384,      0.0000,     24.0000,   6049.0359,      0.0000,     24.0000
health_private_surv57,1,      1.0000,   4001.0742,      0.0267,     33.0000,   5674.7110,      0.0000,     24.0000,   5480.4369,      0.0000,     24.0000
health_private_surv58,1,      1.0000,   4561.7041,      0.0154,     33.0000,   5240.0955,      0.0000,     24.0000,   5132.6617,      0.0000,     24.0000
health_private_surv59,1,      1.0000,   5309.5181,      0.0078,     33.0000,   5248.3912,      0.0000,     24.0000,   5237.3682,      0.0000,     24.0000
health_private_surv60,1,      1.0000,   5625.3750,      0.0054,     33.0000,   5467.4612,      0.0000,     24.0000,   5538.8951,      0.0000,     24.0000
health_private_surv61,1,      1.0000,   5474.0659,      0.0053,     33.0000,   5538.1772,      0.0000,     24.0000,   5579.9411,      0.0000,     24.0000
health_private_surv62,1,      1.0000,   5550.2061,      0.0046,     33.0000,   5737.0754,      0.0000,     24.0000,   5686.5847,      0.0000,     24.0000
health_private_surv63,1,      1.0000,   6343.5336,      0.0032,     33.0000,   8086.3316,      0.0000,     24.0000,   7994.6656,      0.0000,     24.0000
health_private_surv64,1,      1.0000,   6837.4710,      0.0052,     33.0000,   9921.3716,      0.0000,     24.0000,   9883.0853,      0.0000,     24.0000
health_private_surv65,1,      1.0000,   5971.2543,      0.0157,     33.0000,   8053.5211,      0.0000,     24.0000,   7708.3944,      0.0000,     24.0000
health_private_surv66,1,      1.0000,   4308.7088,      0.0387,     33.0000,   6039.7207,      0.0000,     24.0000,   5629.2596,      0.0000,     24.0000
health_private_surv67,1,      1.0000,   3172.1576,      0.0980,     33.0000,   3600.3435,      0.0000,     24.0000,   3372.6085,      0.0000,     24.0000
health_private_surv68,1,      1.0000,   2625.2078,      0.1704,     33.0000,   1419.7054,      0.0049,     24.0000,   1187.7020,      0.0264,     24.0000
health_private_surv69,1,      1.0000,   2022.6708,      0.2733,     33.0000,   2496.6312,      0.0000,     24.0000,   2302.2002,      0.0000,     24.0000
health_private_surv70,1,      1.0000,   2115.2085,      0.2579,     33.0000,   3680.7940,      0.0000,     24.0000,   3409.5531,      0.0000,     24.0000
health_private_surv71,1,      1.0000,   2873.9513,      0.1319,     33.0000,   1816.3855,      0.0007,     24.0000,   1584.8214,      0.0046,     24.0000
health_private_surv72,1,      1.0000,   2972.2659,      0.1333,     33.0000,    -81.6808,      0.6279,     24.0000,   -168.4001,      0.3710,     24.0000
health_private_surv73,1,      1.0000,   2608.8807,      0.2134,     33.0000,   2117.7530,      0.0000,     24.0000,   1909.4926,      0.0004,     24.0000
health_private_surv74,1,      1.0000,   3542.1784,      0.1397,     33.0000,   4985.2808,      0.0005,     24.0000,   4362.4766,      0.0039,     24.0000
health_private_surv75,1,      1.0000,   5275.9968,      0.0490,     33.0000,   6043.2882,      0.0007,     24.0000,   5271.3815,      0.0047,     24.0000
health_private_surv76,1,      1.0000,   5498.4132,      0.0534,     33.0000,   6176.7986,      0.0000,     24.0000,   5666.7557,      0.0001,     24.0000
health_private_surv77,1,      1.0000,   5531.0205,      0.0609,     33.0000,   7700.7467,      0.0000,     24.0000,   7095.8523,      0.0000,     24.0000
health_private_surv78,1,      1.0000,   5630.0865,      0.0729,     33.0000,   8353.6555,      0.0000,     24.0000,   7750.5922,      0.0000,     24.0000
health_private_surv79,1,      1.0000,   5262.7347,      0.1212,     33.0000,  10296.4571,      0.0000,     24.0000,   9584.0258,      0.0000,     24.0000
health_private_surv8,1,      1.0000,   -170.1344,      0.0519,     58.0000,   -137.7560,      0.2150,     46.0000,   -137.7560,      0.2150,     46.0000
health_private_surv9,1,      1.0000,     57.7248,      0.5448,     58.0000,     32.0630,      0.6597,     46.0000,     32.0630,      0.6597,     46.0000
health_private_surv10,1,      2.0000,     66.6777,      0.3298,     62.0000,    204.1511,      0.0292,     54.0000,    204.1511,      0.0292,     54.0000
health_private_surv11,1,      2.0000,     54.0338,      0.4617,     62.0000,    221.0579,      0.0263,     54.0000,    221.0579,      0.0263,     54.0000
health_private_surv12,1,      2.0000,   -389.6736,      0.6330,     62.0000,  -1339.2150,      0.2410,     54.0000,  -1339.2150,      0.2410,     54.0000
health_private_surv13,1,      2.0000,      6.8990,      0.9561,     62.0000,    176.1120,      0.2359,     54.0000,    176.1120,      0.2359,     54.0000
health_private_surv14,1,      2.0000,   2736.8330,      0.0425,     62.0000,     88.4555,      0.5924,     54.0000,     88.4555,      0.5924,     54.0000
health_private_surv15,1,      2.0000,   -644.3471,      0.2095,     62.0000,    -94.8570,      0.8889,     54.0000,    -94.8570,      0.8889,     54.0000
health_private_surv16,1,      2.0000,   1516.8451,      0.1138,     62.0000,   -890.8719,      0.0878,     54.0000,   -890.8719,      0.0878,     54.0000
health_private_surv17,1,      2.0000,    853.8481,      0.2212,     62.0000,   -623.2472,      0.1675,     54.0000,   -623.2472,      0.1675,     54.0000
health_private_surv18,1,      2.0000,    833.6607,      0.2562,     62.0000,  -1308.4787,      0.0116,     54.0000,  -1308.4787,      0.0116,     54.0000
health_private_surv19,1,      2.0000,   1147.0367,      0.1998,     62.0000,  -1042.4510,      0.0386,     54.0000,  -1042.4510,      0.0386,     54.0000
health_private_surv20,1,      2.0000,   1577.6481,      0.0224,     62.0000,    462.1260,      0.5213,     54.0000,    462.1260,      0.5213,     54.0000
health_private_surv21,1,      2.0000,    -13.5007,      0.9099,     62.0000,    170.7242,      0.2129,     54.0000,    170.7242,      0.2129,     54.0000
health_private_surv22,1,      2.0000,    174.4066,      0.0725,     62.0000,    272.1721,      0.0234,     54.0000,    272.1721,      0.0234,     54.0000
health_private_surv23,1,      2.0000,    233.3949,      0.0082,     62.0000,    474.7833,      0.0001,     54.0000,    474.7833,      0.0001,     54.0000
health_private_surv24,1,      2.0000,    102.4311,      0.2152,     62.0000,     92.9751,      0.3590,     54.0000,     92.9751,      0.3590,     54.0000
health_private_surv25,1,      2.0000,     58.5360,      0.5189,     62.0000,     37.1063,      0.7024,     54.0000,     37.1063,      0.7024,     54.0000
health_private_surv26,1,      2.0000,    -46.9449,      0.5470,     62.0000,    -60.3151,      0.5184,     54.0000,    -60.3151,      0.5184,     54.0000
health_private_surv27,1,      2.0000,    -86.9766,      0.2476,     62.0000,   -111.4273,      0.1726,     54.0000,   -111.4273,      0.1726,     54.0000
health_private_surv28,1,      2.0000,     36.6913,      0.6538,     62.0000,    -82.3450,      0.3081,     54.0000,    -82.3450,      0.3081,     54.0000
health_private_surv29,1,      2.0000,     65.9580,      0.4742,     62.0000,      3.2138,      0.9749,     54.0000,      3.2138,      0.9749,     54.0000
health_private_surv30,1,      2.0000,    138.9120,      0.9365,      8.0000,      0.0000,,      4.0000,      0.0000,,      4.0000
health_private_surv31,1,      2.0000,   3072.3290,      0.0482,     13.0000,   5596.1411,,      8.0000,   5596.1411,,      8.0000
health_private_surv32,1,      2.0000,   3397.1156,      0.0038,     18.0000,  18068.9782,,     13.0000,  18068.9782,,     13.0000
health_private_surv33,1,      2.0000,   3204.6258,      0.0049,     18.0000,  17770.1905,,     13.0000,  17770.1905,,     13.0000
health_private_surv34,1,      2.0000,   3097.0332,      0.0070,     18.0000,  17879.2991,,     13.0000,  17879.2991,,     13.0000
health_private_surv35,1,      2.0000,   3111.4158,      0.0072,     18.0000,  16799.8801,,     13.0000,  16799.8801,,     13.0000
health_private_surv36,1,      2.0000,   3074.6451,      0.0073,     18.0000,  15246.0498,,     13.0000,  15246.0498,,     13.0000
health_private_surv37,1,      2.0000,   2911.2072,      0.0104,     18.0000,  15632.5680,,     13.0000,  15632.5680,,     13.0000
health_private_surv38,1,      2.0000,   2746.0432,      0.0159,     18.0000,  15493.5783,,     13.0000,  15493.5783,,     13.0000
health_private_surv39,1,      2.0000,   2685.2500,      0.0087,     19.0000,  11035.6850,      0.0000,     14.0000,  11102.1199,      0.0000,     14.0000
health_private_surv40,1,      2.0000,   2712.6434,      0.0077,     19.0000,  11126.6321,      0.0000,     14.0000,  11161.8961,      0.0000,     14.0000
health_private_surv41,1,      2.0000,   2496.5346,      0.0139,     19.0000,  10948.6652,      0.0000,     14.0000,  11014.1472,      0.0000,     14.0000
health_private_surv42,1,      2.0000,   2294.2954,      0.0234,     19.0000,  11196.8529,      0.0001,     14.0000,  11291.3448,      0.0000,     14.0000
health_private_surv43,1,      2.0000,   2278.5498,      0.0242,     19.0000,  11296.5594,      0.0000,     14.0000,  11369.3036,      0.0000,     14.0000
health_private_surv44,1,      2.0000,   2247.1354,      0.0248,     19.0000,  11033.5022,      0.0000,     14.0000,  11077.4803,      0.0000,     14.0000
health_private_surv45,1,      2.0000,   2539.3901,      0.0190,     19.0000,  10678.1759,      0.0000,     14.0000,  10675.7322,      0.0000,     14.0000
health_private_surv46,1,      2.0000,   2668.0986,      0.0249,     19.0000,  11331.3625,      0.0001,     14.0000,  11241.0952,      0.0000,     14.0000
health_private_surv47,1,      2.0000,   2206.7168,      0.0715,     19.0000,  10988.1451,      0.0000,     14.0000,  10952.8617,      0.0000,     14.0000
health_private_surv48,1,      2.0000,   2011.8767,      0.1086,     19.0000,   9690.8792,      0.0001,     14.0000,   9770.5806,      0.0000,     14.0000
health_private_surv49,1,      2.0000,   2429.8844,      0.0639,     19.0000,   9907.9586,      0.0000,     14.0000,   9952.0440,      0.0000,     14.0000
health_private_surv50,1,      2.0000,   2924.4124,      0.0440,     19.0000,  13028.1836,      0.0000,     14.0000,  13073.6487,      0.0000,     14.0000
health_private_surv51,1,      2.0000,   3166.4560,      0.0509,     19.0000,  14947.6787,      0.0001,     14.0000,  15067.2140,      0.0000,     14.0000
health_private_surv52,1,      2.0000,   3150.3566,      0.0649,     19.0000,  13621.0374,      0.0001,     14.0000,  13730.3130,      0.0000,     14.0000
health_private_surv53,1,      2.0000,   3199.4826,      0.0700,     19.0000,  12508.6386,      0.0000,     14.0000,  12554.4348,      0.0000,     14.0000
health_private_surv54,1,      2.0000,   3176.4413,      0.0819,     19.0000,  10578.6879,      0.0000,     14.0000,  10539.3759,      0.0000,     14.0000
health_private_surv55,1,      2.0000,   3237.3340,      0.1044,     19.0000,   7582.4517,      0.0000,     14.0000,   7581.7226,      0.0000,     14.0000
health_private_surv56,1,      2.0000,   3536.8039,      0.1106,     19.0000,   9437.8624,      0.0003,     14.0000,   9540.2807,      0.0000,     14.0000
health_private_surv57,1,      2.0000,   3722.6906,      0.1134,     19.0000,  13175.5975,      0.0005,     14.0000,  13336.2484,      0.0000,     14.0000
health_private_surv58,1,      2.0000,   3534.2503,      0.1534,     19.0000,  12872.1183,      0.0002,     14.0000,  12997.8185,      0.0000,     14.0000
health_private_surv59,1,      2.0000,   3288.1165,      0.1999,     19.0000,  12233.6126,      0.0000,     14.0000,  12303.2128,      0.0000,     14.0000
health_private_surv60,1,      2.0000,   3616.3667,      0.1753,     19.0000,  14627.7209,      0.0004,     14.0000,  14797.6349,      0.0000,     14.0000
health_private_surv61,1,      2.0000,   4018.0059,      0.1502,     19.0000,  17149.8138,      0.0001,     14.0000,  17287.9452,      0.0000,     14.0000
health_private_surv62,1,      2.0000,   4218.4253,      0.1517,     19.0000,  19221.0982,      0.0000,     14.0000,  19255.5558,      0.0000,     14.0000
health_private_surv63,1,      2.0000,   4103.5098,      0.1794,     19.0000,  19777.3165,      0.0001,     14.0000,  19940.4603,      0.0000,     14.0000
health_private_surv64,1,      2.0000,   4279.8650,      0.1830,     19.0000,  22418.7953,      0.0040,     14.0000,  22823.8537,      0.0001,     14.0000
health_private_surv65,1,      2.0000,   4153.6531,      0.1428,     19.0000,  29839.3519,      0.0005,     14.0000,  30193.8335,      0.0000,     14.0000
health_private_surv66,1,      2.0000,   3378.6871,      0.1404,     19.0000,  20097.4535,      0.0001,     14.0000,  20262.8962,      0.0000,     14.0000
health_private_surv67,1,      2.0000,   2632.0212,      0.2145,     19.0000,   7420.4487,      0.0176,     14.0000,   7607.2836,      0.0008,     14.0000
health_private_surv68,1,      2.0000,   2200.7969,      0.2958,     19.0000,  10384.7044,      0.0093,     14.0000,  10609.9882,      0.0004,     14.0000
health_private_surv69,1,      2.0000,   1993.7542,      0.3735,     19.0000,  14093.2564,      0.0016,     14.0000,  14305.6803,      0.0001,     14.0000
health_private_surv70,1,      2.0000,   2153.3486,      0.3563,     19.0000,  13099.3434,      0.0180,     14.0000,  13431.0041,      0.0008,     14.0000
health_private_surv71,1,      2.0000,   3032.6456,      0.1948,     19.0000,   9233.0289,      0.1053,     14.0000,   9628.7696,      0.0102,     14.0000
health_private_surv72,1,      2.0000,   3574.8551,      0.1333,     19.0000,   7534.5304,      0.1246,     14.0000,   7879.4947,      0.0133,     14.0000
health_private_surv73,1,      2.0000,   3410.8967,      0.1440,     19.0000,   5200.7717,      0.4816,     14.0000,   5767.2918,      0.1732,     14.0000
health_private_surv74,1,      2.0000,   2803.6082,      0.2420,     19.0000,   2839.4695,      0.7501,     14.0000,   3535.1812,      0.4698,     14.0000
health_private_surv75,1,      2.0000,   3096.9008,      0.2460,     19.0000,   4790.1215,      0.4557,     14.0000,   5281.0117,      0.1536,     14.0000
health_private_surv76,1,      2.0000,   4534.2807,      0.1385,     19.0000,  11737.9290,      0.1229,     14.0000,  12272.3970,      0.0131,     14.0000
health_private_surv77,1,      2.0000,   5161.5615,      0.1249,     19.0000,  12270.2830,      0.2613,     14.0000,  13078.7142,      0.0494,     14.0000
health_private_surv78,1,      2.0000,   4240.3339,      0.2966,     19.0000,   6089.4038,      0.5047,     14.0000,   6790.7720,      0.1920,     14.0000
health_private_surv79,1,      2.0000,   3395.3518,      0.3517,     19.0000,   7938.0188,      0.0942,     14.0000,   8264.5790,      0.0085,     14.0000
health_private_surv8,1,      2.0000,  -3659.4632,      0.0272,     62.0000,  -6209.2018,      0.0031,     54.0000,  -6209.2018,      0.0031,     54.0000
health_private_surv9,1,      2.0000,    157.8069,      0.0148,     62.0000,    222.5931,      0.0078,     54.0000,    222.5931,      0.0078,     54.0000
health_private_surv10,1,      3.0000,    262.4121,      0.0131,     63.0000,     43.1520,      0.4713,     46.0000,     43.1520,      0.4713,     46.0000
health_private_surv11,1,      3.0000,     56.6085,      0.5421,     63.0000,     -7.7045,      0.9293,     46.0000,     -7.7045,      0.9293,     46.0000
health_private_surv12,1,      3.0000,    -63.6317,      0.7935,     57.0000,    160.2706,      0.6910,     40.0000,    160.2706,      0.6910,     40.0000
health_private_surv13,1,      3.0000,    -14.7428,      0.9212,     57.0000,   -130.1686,      0.5844,     40.0000,   -130.1686,      0.5844,     40.0000
health_private_surv14,1,      3.0000,    736.2697,      0.0938,     57.0000,   -184.6095,      0.4471,     40.0000,   -184.6095,      0.4471,     40.0000
health_private_surv15,1,      3.0000,    -86.1922,      0.4262,     63.0000,   -222.0740,      0.2350,     46.0000,   -222.0740,      0.2350,     46.0000
health_private_surv16,1,      3.0000,    839.8106,      0.2759,     63.0000,   -929.7082,      0.0565,     46.0000,   -929.7082,      0.0565,     46.0000
health_private_surv17,1,      3.0000,    450.1946,      0.4461,     63.0000,   -823.3760,      0.0643,     46.0000,   -823.3760,      0.0643,     46.0000
health_private_surv18,1,      3.0000,    333.7827,      0.5693,     63.0000,  -1652.9544,      0.0020,     46.0000,  -1652.9544,      0.0020,     46.0000
health_private_surv19,1,      3.0000,    367.8420,      0.6161,     63.0000,  -1302.1831,      0.0083,     46.0000,  -1302.1831,      0.0083,     46.0000
health_private_surv20,1,      3.0000,    238.0012,      0.6583,     63.0000,    -87.5515,      0.8917,     46.0000,    -87.5515,      0.8917,     46.0000
health_private_surv21,1,      3.0000,   -788.9304,      0.0152,     63.0000,    248.9499,      0.4736,     46.0000,    248.9499,      0.4736,     46.0000
health_private_surv22,1,      3.0000,   -185.5234,      0.2179,     63.0000,   -298.6031,      0.0204,     46.0000,   -298.6031,      0.0204,     46.0000
health_private_surv23,1,      3.0000,    -41.1837,      0.8644,     63.0000,    741.6610,      0.0067,     46.0000,    741.6610,      0.0067,     46.0000
health_private_surv24,1,      3.0000,   -329.1362,      0.0173,     63.0000,     44.0985,      0.7486,     46.0000,     44.0985,      0.7486,     46.0000
health_private_surv25,1,      3.0000,   -455.0982,      0.0003,     63.0000,   -329.6928,      0.0108,     46.0000,   -329.6928,      0.0108,     46.0000
health_private_surv26,1,      3.0000,   -121.3362,      0.2136,     63.0000,   -188.6462,      0.0587,     46.0000,   -188.6462,      0.0587,     46.0000
health_private_surv27,1,      3.0000,   -129.0608,      0.2018,     63.0000,   -100.8117,      0.3295,     46.0000,   -100.8117,      0.3295,     46.0000
health_private_surv28,1,      3.0000,    107.8623,      0.4194,     63.0000,    -89.3864,      0.3998,     46.0000,    -89.3864,      0.3998,     46.0000
health_private_surv29,1,      3.0000,    133.4187,      0.3437,     63.0000,   -116.4738,      0.2557,     46.0000,   -116.4738,      0.2557,     46.0000
health_private_surv30,1,      3.0000,  -1040.9722,      0.5333,     14.0000,      0.0000,,      4.0000,      0.0000,,      4.0000
health_private_surv31,1,      3.0000,   1306.4199,      0.1559,     25.0000,      0.0000,,     14.0000,      0.0000,,     14.0000
health_private_surv32,1,      3.0000,   2005.9632,      0.0144,     29.0000,   1060.2953,,     18.0000,   1060.2953,,     18.0000
health_private_surv33,1,      3.0000,   1957.5741,      0.0189,     29.0000,    841.8167,,     18.0000,    841.8167,,     18.0000
health_private_surv34,1,      3.0000,   1765.5296,      0.0386,     29.0000,    533.3323,,     18.0000,    533.3323,,     18.0000
health_private_surv35,1,      3.0000,   1632.8364,      0.0694,     29.0000,    482.8501,,     18.0000,    482.8501,,     18.0000
health_private_surv36,1,      3.0000,   1661.1815,      0.0740,     29.0000,    578.6120,,     18.0000,    578.6120,,     18.0000
health_private_surv37,1,      3.0000,   1762.7819,      0.0664,     29.0000,    741.3517,,     18.0000,    741.3517,,     18.0000
health_private_surv38,1,      3.0000,   1691.9404,      0.0754,     29.0000,    948.2292,,     18.0000,    948.2292,,     18.0000
health_private_surv39,1,      3.0000,   1532.7156,      0.0971,     29.0000,    877.4361,,     18.0000,    877.4361,,     18.0000
health_private_surv40,1,      3.0000,   1340.9271,      0.1333,     29.0000,    702.3680,,     18.0000,    702.3680,,     18.0000
health_private_surv41,1,      3.0000,   1204.7337,      0.1836,     29.0000,    744.4040,,     18.0000,    744.4040,,     18.0000
health_private_surv42,1,      3.0000,   1344.8301,      0.1672,     29.0000,    816.6705,,     18.0000,    816.6705,,     18.0000
health_private_surv43,1,      3.0000,   1455.9860,      0.1531,     29.0000,    783.7573,,     18.0000,    783.7573,,     18.0000
health_private_surv44,1,      3.0000,   1340.4032,      0.2125,     29.0000,    620.7591,,     18.0000,    620.7591,,     18.0000
health_private_surv45,1,      3.0000,   1215.7360,      0.2987,     29.0000,    283.6363,,     18.0000,    283.6363,,     18.0000
health_private_surv46,1,      3.0000,   1262.8690,      0.3234,     29.0000,     25.5877,,     18.0000,     25.5877,,     18.0000
health_private_surv47,1,      3.0000,   1319.7828,      0.3372,     29.0000,      0.3462,,     18.0000,      0.3462,,     18.0000
health_private_surv48,1,      3.0000,   1212.0044,      0.3889,     29.0000,    126.2344,,     18.0000,    126.2344,,     18.0000
health_private_surv49,1,      3.0000,   1099.6299,      0.4377,     29.0000,    114.4314,,     18.0000,    114.4314,,     18.0000
health_private_surv50,1,      3.0000,   1150.8702,      0.4303,     29.0000,     20.6517,,     18.0000,     20.6517,,     18.0000
health_private_surv51,1,      3.0000,   1337.1429,      0.3765,     29.0000,    334.2920,,     18.0000,    334.2920,,     18.0000
health_private_surv52,1,      3.0000,   1354.4338,      0.3574,     29.0000,    948.4414,,     18.0000,    948.4414,,     18.0000
health_private_surv53,1,      3.0000,   1101.7683,      0.4466,     29.0000,    853.4275,,     18.0000,    853.4275,,     18.0000
health_private_surv54,1,      3.0000,   1195.5203,      0.4622,     29.0000,    163.1678,,     18.0000,    163.1678,,     18.0000
health_private_surv55,1,      3.0000,   1447.3163,      0.4473,     29.0000,    400.3291,,     18.0000,    400.3291,,     18.0000
health_private_surv56,1,      3.0000,   1094.6135,      0.5894,     29.0000,    972.1900,,     18.0000,    972.1900,,     18.0000
health_private_surv57,1,      3.0000,    550.8035,      0.7997,     29.0000,    636.6077,,     18.0000,    636.6077,,     18.0000
health_private_surv58,1,      3.0000,    184.2375,      0.9377,     29.0000,    160.3240,,     18.0000,    160.3240,,     18.0000
health_private_surv59,1,      3.0000,    -40.7934,      0.9864,     29.0000,    468.2978,,     18.0000,    468.2978,,     18.0000
health_private_surv60,1,      3.0000,    204.6501,      0.9339,     29.0000,    831.4682,,     18.0000,    831.4682,,     18.0000
health_private_surv61,1,      3.0000,    183.5189,      0.9427,     29.0000,    214.7199,,     18.0000,    214.7199,,     18.0000
health_private_surv62,1,      3.0000,    247.7883,      0.9276,     29.0000,   -438.4728,,     18.0000,   -438.4728,,     18.0000
health_private_surv63,1,      3.0000,    293.2039,      0.9223,     29.0000,  -1048.2543,,     18.0000,  -1048.2543,,     18.0000
health_private_surv64,1,      3.0000,   -672.9025,      0.8247,     29.0000,  -1542.6730,,     18.0000,  -1542.6730,,     18.0000
health_private_surv65,1,      3.0000,   -723.3949,      0.7930,     29.0000,  -1001.8200,,     18.0000,  -1001.8200,,     18.0000
health_private_surv66,1,      3.0000,   -377.1405,      0.8777,     29.0000,     46.4621,,     18.0000,     46.4621,,     18.0000
health_private_surv67,1,      3.0000,   -791.1817,      0.7342,     29.0000,   -237.4626,,     18.0000,   -237.4626,,     18.0000
health_private_surv68,1,      3.0000,   -880.1094,      0.7042,     29.0000,  -1315.6123,,     18.0000,  -1315.6123,,     18.0000
health_private_surv69,1,      3.0000,   -880.0452,      0.7114,     29.0000,  -1091.9420,,     18.0000,  -1091.9420,,     18.0000
health_private_surv70,1,      3.0000,   -979.8233,      0.6884,     29.0000,   -787.6623,,     18.0000,   -787.6623,,     18.0000
health_private_surv71,1,      3.0000,  -1417.1424,      0.5869,     29.0000,  -1249.0090,,     18.0000,  -1249.0090,,     18.0000
health_private_surv72,1,      3.0000,  -1637.4982,      0.5583,     29.0000,  -1356.1068,,     18.0000,  -1356.1068,,     18.0000
health_private_surv73,1,      3.0000,  -1187.1485,      0.6714,     29.0000,  -1035.9985,,     18.0000,  -1035.9985,,     18.0000
health_private_surv74,1,      3.0000,  -1053.7229,      0.7123,     29.0000,  -1120.2252,,     18.0000,  -1120.2252,,     18.0000
health_private_surv75,1,      3.0000,   -954.4909,      0.7675,     29.0000,  -1168.9059,,     18.0000,  -1168.9059,,     18.0000
health_private_surv76,1,      3.0000,   -410.4777,      0.9105,     29.0000,  -1020.3687,,     18.0000,  -1020.3687,,     18.0000
health_private_surv77,1,      3.0000,   -751.2110,      0.8403,     29.0000,  -1364.6314,,     18.0000,  -1364.6314,,     18.0000
health_private_surv78,1,      3.0000,  -1045.3270,      0.7765,     29.0000,  -1286.1630,,     18.0000,  -1286.1630,,     18.0000
health_private_surv79,1,      3.0000,    876.0584,      0.8348,     29.0000,   2102.1745,,     18.0000,   2102.1745,,     18.0000
health_private_surv8,1,      3.0000, -23981.6970,      0.0008,     63.0000, -35503.9163,      0.0014,     46.0000, -35503.9163,      0.0014,     46.0000
health_private_surv9,1,      3.0000,    556.4073,      0.0010,     63.0000,     48.5018,      0.4267,     46.0000,     48.5018,      0.4267,     46.0000
